4.0_2_corr,4.0_2_pval,4.0_2_qval,4.0_2_ci_low,4.0_2_ci_high,
CTSK,0.575007,0.00E+00,0.00E+00,0.562782,0.586981
CKB,0.553876,0.00E+00,0.00E+00,0.54122,0.566281
MMP9,0.552053,0.00E+00,0.00E+00,0.539361,0.564495
SPP1,0.439472,0.00E+00,0.00E+00,0.424772,0.45394
ACP5,0.393726,0.00E+00,0.00E+00,0.378345,0.40889
SLC9B2,0.371278,0.00E+00,0.00E+00,0.35559,0.386756
SPARC,0.311438,2.67E-267,1.00E-264,0.295025,0.327668
RPL36,0.281815,1.63E-216,5.35E-214,0.265091,0.298369
APOC1,0.281305,1.07E-215,3.14E-213,0.264576,0.297864
CD59,0.263106,1.23E-187,3.24E-185,0.246202,0.279849
RAB13,0.257119,6.76E-179,1.62E-176,0.240161,0.27392
SCD5,0.251039,2.89E-170,6.33E-168,0.234027,0.267898
IGFBP6,0.240985,1.60E-156,3.24E-154,0.223886,0.257936
CD9,0.240165,1.98E-155,3.72E-153,0.223059,0.257123
MT-ND4,0.239915,4.25E-155,7.45E-153,0.222808,0.256875
S100A4,0.230478,7.45E-143,1.22E-140,0.213293,0.247521
MMP14,0.227375,5.97E-139,9.23E-137,0.210165,0.244444
SLC35F5,0.216287,1.70E-125,2.49E-123,0.198991,0.233448
TYROBP,0.211334,9.93E-120,1.37E-117,0.194001,0.228535
GPNMB,0.209782,5.92E-118,7.79E-116,0.192438,0.226995
GAPDH,0.209425,1.51E-117,1.89E-115,0.192078,0.226641
MT-ATP6,0.207856,9.04E-116,1.08E-113,0.190497,0.225084
APOE,0.206862,1.18E-114,1.35E-112,0.189497,0.224098
LGALS1,0.196896,9.02E-104,9.88E-102,0.17946,0.214207
VIM,0.186337,6.90E-93,7.26E-91,0.168831,0.203724
CST3,0.172572,1.12E-79,1.09E-77,0.154981,0.190053
CA2,0.1715,1.07E-78,1.01E-76,0.153904,0.188989
SELM,0.169497,7.08E-77,6.21E-75,0.151888,0.186998
MT-ND1,0.169052,1.78E-76,1.51E-74,0.15144,0.186556
MT-ND2,0.158577,2.31E-67,1.90E-65,0.140907,0.176146
ATOX1,0.156874,6.13E-66,4.89E-64,0.139195,0.174453
MT1G,0.152604,1.93E-62,1.49E-60,0.134902,0.170208
MT-ND4L,0.149546,5.32E-60,4.00E-58,0.131828,0.167168
MTRNR2L8,0.147844,1.15E-58,8.42E-57,0.130118,0.165476
MT-ND3,0.147759,1.34E-58,9.55E-57,0.130033,0.165392
CSTB,0.146702,8.91E-58,6.17E-56,0.12897,0.16434
RNASE1,0.145895,3.74E-57,2.52E-55,0.128159,0.163538
PLD3,0.145751,4.82E-57,3.17E-55,0.128014,0.163394
MTRNR2L1,0.138152,2.32E-51,1.45E-49,0.120379,0.155837
MTRNR2L12,0.137553,6.31E-51,3.86E-49,0.119777,0.155241
CD68,0.128677,1.02E-44,5.96E-43,0.110861,0.14641
PLTP,0.127973,3.03E-44,1.73E-42,0.110154,0.14571
ANPEP,0.124198,9.50E-42,5.10E-40,0.106363,0.141953
LMNA,0.123706,1.98E-41,1.04E-39,0.105869,0.141464
SEPP1,0.120092,4.03E-39,2.08E-37,0.10224,0.137867
C1QC,0.118883,2.30E-38,1.16E-36,0.101026,0.136664
MTRNR2L2,0.118254,5.64E-38,2.75E-36,0.100395,0.136038
OTOA,0.112656,1.36E-34,6.26E-33,0.094775,0.130464
MTRNR2L10,0.108977,1.83E-32,8.16E-31,0.091083,0.126802
FXYD6,0.107842,8.05E-32,3.47E-30,0.089944,0.125671
HIST1H2AC,0.10545,1.73E-30,7.11E-29,0.087543,0.123289
CD63,0.103653,1.66E-29,6.70E-28,0.085739,0.121499
TSPO,0.088478,6.66E-22,2.28E-20,0.070517,0.106382
SLC4A2,0.087285,2.35E-21,7.91E-20,0.06932,0.105193
CTSD,0.086033,8.63E-21,2.87E-19,0.068065,0.103945
CALR,0.083351,1.32E-19,4.13E-18,0.065375,0.101272
C1QB,0.082586,2.83E-19,8.45E-18,0.064609,0.10051
C1QA,0.081357,9.48E-19,2.77E-17,0.063377,0.099285
PTMS,0.080679,1.83E-18,5.13E-17,0.062696,0.098609
HLA-DQA1,0.080227,2.84E-18,7.78E-17,0.062243,0.098158
DLD,0.079085,8.46E-18,2.27E-16,0.061099,0.097021
CTSL,0.074425,6.22E-16,1.52E-14,0.056427,0.092375
HSPD1,0.072953,2.29E-15,5.38E-14,0.054952,0.090907
S100A13,0.072754,2.73E-15,6.35E-14,0.054752,0.090709
IFITM3,0.0723,4.06E-15,9.36E-14,0.054297,0.090256
COMTD1,0.071073,1.17E-14,2.60E-13,0.053067,0.089032
NUPR1,0.066042,7.43E-13,1.45E-11,0.048025,0.084016
CTSB,0.064358,2.79E-12,5.13E-11,0.046338,0.082336
UBB,0.064188,3.18E-12,5.81E-11,0.046167,0.082166
MMP19,0.063872,4.06E-12,7.37E-11,0.045851,0.081851
LY96,0.062096,1.57E-11,2.69E-10,0.044072,0.08008
MT-ATP8,0.060143,6.62E-11,1.06E-09,0.042115,0.078132
HLA-DRB1,0.059254,1.26E-10,1.99E-09,0.041224,0.077245
WSB2,0.058494,2.16E-10,3.36E-09,0.040462,0.076487
GOLM1,0.057728,3.70E-10,5.62E-09,0.039695,0.075723
SDF4,0.057692,3.79E-10,5.69E-09,0.039659,0.075687
RILP,0.057595,4.06E-10,6.06E-09,0.039562,0.07559
ITGAV,0.056545,8.37E-10,1.22E-08,0.038511,0.074543
HSP90AB1,0.056314,9.80E-10,1.42E-08,0.038279,0.074313
FABP5,0.055236,2.03E-09,2.86E-08,0.037199,0.073236
IFI6,0.053868,5.02E-09,6.95E-08,0.035829,0.071872
GM2A,0.052633,1.11E-08,1.45E-07,0.034592,0.07064
RP11-802E16.3,0.052537,1.19E-08,1.53E-07,0.034496,0.070544
MTRNR2L6,0.048975,1.07E-07,1.26E-06,0.030928,0.06699
GALNS,0.048849,1.15E-07,1.35E-06,0.030802,0.066864
CRIP1,0.046846,3.71E-07,4.12E-06,0.028797,0.064865
MTRNR2L11,0.045296,8.89E-07,9.50E-06,0.027245,0.063318
HLA-DRB5,0.044081,1.73E-06,1.79E-05,0.026028,0.062105
SLC22A18,0.043861,1.95E-06,1.98E-05,0.025807,0.061885
PTTG1,0.04355,2.30E-06,2.28E-05,0.025496,0.061575
COPG1,0.043388,2.51E-06,2.46E-05,0.025334,0.061414
TMEM255B,0.043203,2.77E-06,2.71E-05,0.025149,0.061229
EVI2A,0.042516,3.97E-06,3.84E-05,0.02446,0.060543
RP1-197B17.3,0.041766,5.86E-06,5.51E-05,0.02371,0.059795
SULT1B1,0.040871,9.24E-06,8.24E-05,0.022814,0.058902
NPC1,0.039619,1.72E-05,1.46E-04,0.02156,0.057651
IFI27,0.039489,1.84E-05,1.54E-04,0.02143,0.057522
ZGLP1,0.0389,2.44E-05,2.00E-04,0.02084,0.056934
LGMN,0.038291,3.27E-05,2.63E-04,0.020232,0.056326
TMEM63B,0.037639,4.44E-05,3.49E-04,0.019578,0.055675
BLVRB,0.037505,4.73E-05,3.69E-04,0.019445,0.055542
PET100,0.037401,4.97E-05,3.86E-04,0.01934,0.055437
RCN3,0.036739,6.74E-05,5.13E-04,0.018678,0.054777
TDRD9,0.036655,7.00E-05,5.30E-04,0.018594,0.054693
RP11-166P13.3,0.036336,8.09E-05,6.05E-04,0.018274,0.054375
ATP5EP2,0.035896,9.87E-05,7.23E-04,0.017834,0.053935
CD74,0.035747,1.05E-04,7.64E-04,0.017685,0.053787
RIPK3,0.035675,1.09E-04,7.87E-04,0.017613,0.053714
EIF1AY,0.035278,1.30E-04,9.23E-04,0.017215,0.053318
SPINT1,0.034923,1.52E-04,1.05E-03,0.01686,0.052963
HLA-DPB1,0.034465,1.85E-04,1.27E-03,0.016402,0.052507
CHCHD10,0.034364,1.93E-04,1.32E-03,0.016301,0.052406
FOLR2,0.03267,3.95E-04,2.46E-03,0.014605,0.050714
DTWD2,0.03183,5.56E-04,3.36E-03,0.013764,0.049875
A2M,0.031199,7.15E-04,4.19E-03,0.013132,0.049245
ATP5D,0.031176,7.21E-04,4.21E-03,0.013109,0.049222
MBOAT7,0.030923,7.96E-04,4.59E-03,0.012856,0.048969
MTRNR2L3,0.030853,8.18E-04,4.71E-03,0.012786,0.0489
SFXN3,0.030283,1.02E-03,5.78E-03,0.012216,0.048331
PTPRJ,0.029941,1.16E-03,6.41E-03,0.011874,0.047989
CXCL16,0.02965,1.30E-03,7.01E-03,0.011582,0.047698
BCL7C,0.029539,1.36E-03,7.25E-03,0.011471,0.047587
AIFM3,0.029427,1.41E-03,7.55E-03,0.011359,0.047476
MT-ND6,0.027661,2.70E-03,1.31E-02,0.009592,0.045712
TMEM159,0.027521,2.84E-03,1.36E-02,0.009452,0.045572
C12orf54,0.026403,4.19E-03,1.89E-02,0.008333,0.044456
SLC25A53,0.026245,4.42E-03,1.97E-02,0.008175,0.044298
SMUG1,0.026027,4.76E-03,2.10E-02,0.007957,0.04408
HSPB1,0.025811,5.12E-03,2.24E-02,0.007741,0.043864
SLC48A1,0.024756,7.26E-03,3.00E-02,0.006685,0.04281
TPCN1,0.024657,7.49E-03,3.08E-02,0.006586,0.042712
ERCC2,0.024621,7.58E-03,3.10E-02,0.00655,0.042676
RNPEPL1,0.024451,8.01E-03,3.24E-02,0.00638,0.042507
CAPS,0.023616,1.04E-02,4.02E-02,0.005544,0.041672
MTRNR2L13,0.023427,1.11E-02,4.19E-02,0.005356,0.041484
EML3,0.02321,1.18E-02,4.43E-02,0.005138,0.041266
CHP1,0.023132,1.21E-02,4.52E-02,0.00506,0.041189
F5,0.022782,1.35E-02,4.90E-02,0.00471,0.040839
SLFN11,-0.022739,1.37E-02,4.94E-02,-0.040796,-0.004667
HEATR5A,-0.022756,1.36E-02,4.92E-02,-0.040813,-0.004684
GPD2,-0.022763,1.36E-02,4.92E-02,-0.04082,-0.004691
RP11-561P12.5,-0.02282,1.33E-02,4.85E-02,-0.040877,-0.004748
LENG8,-0.022844,1.32E-02,4.82E-02,-0.040901,-0.004772
HEBP2,-0.022854,1.32E-02,4.81E-02,-0.040911,-0.004782
ATP11B,-0.022888,1.31E-02,4.77E-02,-0.040945,-0.004816
MOGS,-0.022898,1.30E-02,4.76E-02,-0.040955,-0.004826
LATS2,-0.022908,1.30E-02,4.75E-02,-0.040965,-0.004836
RASA3,-0.022958,1.28E-02,4.69E-02,-0.041015,-0.004886
KDM1B,-0.022961,1.28E-02,4.69E-02,-0.041018,-0.004889
VSTM1,-0.022962,1.28E-02,4.69E-02,-0.041019,-0.00489
CPD,-0.022996,1.26E-02,4.65E-02,-0.041053,-0.004924
CCPG1,-0.022996,1.26E-02,4.65E-02,-0.041053,-0.004925
CBFA2T2,-0.023005,1.26E-02,4.65E-02,-0.041061,-0.004933
SOD2,-0.023027,1.25E-02,4.63E-02,-0.041084,-0.004955
PUM1,-0.023048,1.24E-02,4.61E-02,-0.041105,-0.004976
GZMH,-0.023085,1.23E-02,4.56E-02,-0.041141,-0.005013
HP,-0.023096,1.23E-02,4.55E-02,-0.041152,-0.005024
NBEAL2,-0.023117,1.22E-02,4.53E-02,-0.041174,-0.005046
ETS1,-0.023122,1.22E-02,4.53E-02,-0.041178,-0.00505
PPM1F,-0.023143,1.21E-02,4.51E-02,-0.041199,-0.005071
SLMAP,-0.023162,1.20E-02,4.49E-02,-0.041219,-0.005091
SH3TC1,-0.023234,1.17E-02,4.41E-02,-0.041291,-0.005163
INPP4A,-0.023253,1.17E-02,4.39E-02,-0.04131,-0.005181
RP11-796E2.4,-0.02333,1.14E-02,4.29E-02,-0.041386,-0.005258
RIN3,-0.023346,1.13E-02,4.27E-02,-0.041402,-0.005274
NBPF9,-0.023391,1.12E-02,4.22E-02,-0.041447,-0.005319
PRRG4,-0.023397,1.12E-02,4.22E-02,-0.041453,-0.005325
HK2,-0.023426,1.11E-02,4.19E-02,-0.041482,-0.005354
SMARCD3,-0.023428,1.11E-02,4.19E-02,-0.041484,-0.005356
ARL8A,-0.023432,1.10E-02,4.19E-02,-0.041489,-0.005361
NBPF10,-0.023471,1.09E-02,4.15E-02,-0.041527,-0.005399
CTNNB1,-0.023501,1.08E-02,4.12E-02,-0.041557,-0.005429
LILRB3,-0.023512,1.08E-02,4.11E-02,-0.041569,-0.005441
DYSF,-0.023545,1.07E-02,4.08E-02,-0.041602,-0.005474
ABHD17A,-0.02355,1.06E-02,4.08E-02,-0.041606,-0.005479
ROGDI,-0.023554,1.06E-02,4.08E-02,-0.04161,-0.005483
PHRF1,-0.023555,1.06E-02,4.08E-02,-0.041611,-0.005483
CUL4A,-0.023577,1.06E-02,4.06E-02,-0.041633,-0.005505
SELK,-0.02366,1.03E-02,3.97E-02,-0.041716,-0.005588
ZNF362,-0.023666,1.03E-02,3.97E-02,-0.041722,-0.005594
DCUN1D3,-0.023682,1.02E-02,3.95E-02,-0.041738,-0.00561
MBD6,-0.023693,1.02E-02,3.95E-02,-0.041749,-0.005621
ITPRIP,-0.023693,1.02E-02,3.95E-02,-0.041749,-0.005622
DPEP2,-0.023734,1.01E-02,3.91E-02,-0.04179,-0.005663
C3AR1,-0.023746,1.00E-02,3.90E-02,-0.041802,-0.005674
NUCB2,-0.023751,1.00E-02,3.90E-02,-0.041807,-0.00568
VNN2,-0.02378,9.91E-03,3.87E-02,-0.041836,-0.005708
TM9SF3,-0.023817,9.80E-03,3.83E-02,-0.041873,-0.005745
RPS6KA1,-0.023818,9.79E-03,3.83E-02,-0.041873,-0.005746
FEM1B,-0.023831,9.75E-03,3.82E-02,-0.041887,-0.005759
DSTYK,-0.023843,9.72E-03,3.81E-02,-0.041899,-0.005772
S100P,-0.02387,9.63E-03,3.79E-02,-0.041926,-0.005799
ATP2A3,-0.023907,9.52E-03,3.75E-02,-0.041963,-0.005836
TRIM52,-0.023935,9.44E-03,3.72E-02,-0.04199,-0.005863
IL4R,-0.024027,9.17E-03,3.62E-02,-0.042082,-0.005955
HES1,-0.024041,9.13E-03,3.61E-02,-0.042097,-0.00597
HLX,-0.024073,9.03E-03,3.58E-02,-0.042129,-0.006002
ITGA5,-0.024109,8.93E-03,3.54E-02,-0.042165,-0.006038
WRNIP1,-0.02414,8.84E-03,3.51E-02,-0.042196,-0.006069
BRWD3,-0.024143,8.84E-03,3.51E-02,-0.042199,-0.006072
CTSS,-0.024146,8.83E-03,3.51E-02,-0.042201,-0.006074
RC3H1,-0.024151,8.81E-03,3.51E-02,-0.042207,-0.00608
ATP11A,-0.024155,8.80E-03,3.51E-02,-0.04221,-0.006084
PPP3R1,-0.024185,8.72E-03,3.49E-02,-0.04224,-0.006113
STX3,-0.024203,8.67E-03,3.48E-02,-0.042259,-0.006132
EVI5,-0.024295,8.42E-03,3.38E-02,-0.042351,-0.006224
CEACAM4,-0.024329,8.33E-03,3.35E-02,-0.042384,-0.006258
AAK1,-0.024342,8.29E-03,3.34E-02,-0.042398,-0.006271
RAB3D,-0.024403,8.13E-03,3.28E-02,-0.042458,-0.006331
SYNE2,-0.024447,8.02E-03,3.24E-02,-0.042502,-0.006376
MESDC1,-0.024457,7.99E-03,3.24E-02,-0.042512,-0.006386
CTD-2020K17.1,-0.024485,7.92E-03,3.22E-02,-0.04254,-0.006414
RABGAP1,-0.024492,7.90E-03,3.21E-02,-0.042547,-0.006421
CLEC4E,-0.02451,7.86E-03,3.20E-02,-0.042565,-0.006439
TACC3,-0.02454,7.78E-03,3.17E-02,-0.042595,-0.006469
DTX3L,-0.024596,7.64E-03,3.12E-02,-0.042651,-0.006525
FURIN,-0.024639,7.54E-03,3.09E-02,-0.042694,-0.006568
RNF166,-0.02464,7.54E-03,3.09E-02,-0.042694,-0.006568
P2RY8,-0.024668,7.47E-03,3.07E-02,-0.042723,-0.006597
ENTPD1,-0.024712,7.36E-03,3.03E-02,-0.042766,-0.006641
JMY,-0.024741,7.29E-03,3.01E-02,-0.042795,-0.00667
DOK3,-0.024846,7.05E-03,2.92E-02,-0.0429,-0.006775
CYP1B1,-0.024868,7.00E-03,2.90E-02,-0.042922,-0.006797
LINC00341,-0.024922,6.88E-03,2.86E-02,-0.042976,-0.006851
SEMA4D,-0.025,6.70E-03,2.79E-02,-0.043055,-0.006929
MTMR3,-0.025036,6.62E-03,2.76E-02,-0.04309,-0.006965
LILRA6,-0.025049,6.59E-03,2.75E-02,-0.043104,-0.006978
DENND5A,-0.025089,6.51E-03,2.72E-02,-0.043143,-0.007018
ENGASE,-0.025099,6.49E-03,2.72E-02,-0.043153,-0.007028
SPOPL,-0.025122,6.44E-03,2.70E-02,-0.043176,-0.007051
RP11-452H21.4,-0.025159,6.36E-03,2.67E-02,-0.043213,-0.007088
HGSNAT,-0.025174,6.33E-03,2.66E-02,-0.043229,-0.007104
CHST11,-0.025205,6.27E-03,2.64E-02,-0.043259,-0.007134
NUP153,-0.025213,6.25E-03,2.64E-02,-0.043268,-0.007143
ATXN1,-0.02528,6.11E-03,2.58E-02,-0.043335,-0.00721
SEC14L1,-0.025326,6.02E-03,2.55E-02,-0.04338,-0.007255
USP7,-0.025396,5.88E-03,2.50E-02,-0.04345,-0.007325
CYB5D1,-0.025426,5.82E-03,2.47E-02,-0.04348,-0.007356
EDEM3,-0.02544,5.80E-03,2.47E-02,-0.043494,-0.00737
MAN2A2,-0.025459,5.76E-03,2.46E-02,-0.043513,-0.007388
ID1,-0.025462,5.75E-03,2.46E-02,-0.043516,-0.007391
RP11-386I14.4,-0.025469,5.74E-03,2.46E-02,-0.043523,-0.007399
AFTPH,-0.025501,5.68E-03,2.43E-02,-0.043555,-0.007431
SLC15A4,-0.025525,5.64E-03,2.42E-02,-0.043579,-0.007454
WDR37,-0.02554,5.61E-03,2.41E-02,-0.043594,-0.00747
CD300LF,-0.02555,5.59E-03,2.41E-02,-0.043604,-0.00748
STAB1,-0.025617,5.47E-03,2.36E-02,-0.043671,-0.007547
PELI2,-0.025671,5.37E-03,2.32E-02,-0.043725,-0.007601
B4GALT1,-0.025707,5.30E-03,2.29E-02,-0.043761,-0.007637
R3HDM4,-0.025716,5.29E-03,2.29E-02,-0.04377,-0.007646
TFRC,-0.025735,5.25E-03,2.28E-02,-0.043788,-0.007664
GADD45A,-0.025735,5.25E-03,2.28E-02,-0.043789,-0.007665
EGR3,-0.025746,5.23E-03,2.28E-02,-0.0438,-0.007676
HBB,-0.025753,5.22E-03,2.28E-02,-0.043807,-0.007683
HHEX,-0.025865,5.03E-03,2.20E-02,-0.043918,-0.007794
TMX4,-0.025895,4.98E-03,2.18E-02,-0.043948,-0.007825
MEFV,-0.025911,4.95E-03,2.17E-02,-0.043964,-0.00784
MSL2,-0.025932,4.92E-03,2.16E-02,-0.043985,-0.007862
RNF44,-0.02595,4.89E-03,2.15E-02,-0.044004,-0.00788
RALGAPA2,-0.02599,4.82E-03,2.13E-02,-0.044043,-0.00792
VMP1,-0.026146,4.57E-03,2.02E-02,-0.044199,-0.008076
TMEM154,-0.026149,4.57E-03,2.02E-02,-0.044202,-0.008079
BCL6,-0.026182,4.52E-03,2.01E-02,-0.044235,-0.008112
TLE3,-0.026227,4.45E-03,1.98E-02,-0.04428,-0.008157
TLR4,-0.026273,4.38E-03,1.96E-02,-0.044326,-0.008203
MAP2K3,-0.026278,4.37E-03,1.96E-02,-0.044331,-0.008208
CLASP2,-0.026299,4.34E-03,1.95E-02,-0.044351,-0.008228
ZBTB7A,-0.026329,4.30E-03,1.93E-02,-0.044382,-0.008259
MCMBP,-0.026338,4.28E-03,1.93E-02,-0.044391,-0.008268
TNF,-0.026409,4.18E-03,1.89E-02,-0.044461,-0.008339
FAM217B,-0.026411,4.18E-03,1.89E-02,-0.044464,-0.008341
HOTAIRM1,-0.026472,4.09E-03,1.85E-02,-0.044525,-0.008403
RP11-76E17.3,-0.026492,4.06E-03,1.84E-02,-0.044545,-0.008422
MAP2K4,-0.026493,4.06E-03,1.84E-02,-0.044546,-0.008423
ISG15,-0.026556,3.98E-03,1.81E-02,-0.044608,-0.008486
IGLL5,-0.026574,3.95E-03,1.80E-02,-0.044627,-0.008504
USP38,-0.026604,3.91E-03,1.79E-02,-0.044657,-0.008535
PTK2B,-0.026645,3.86E-03,1.76E-02,-0.044697,-0.008575
DENND3,-0.026682,3.81E-03,1.74E-02,-0.044735,-0.008613
SNX30,-0.026745,3.72E-03,1.71E-02,-0.044798,-0.008676
APBB3,-0.026791,3.67E-03,1.69E-02,-0.044843,-0.008721
TNFSF14,-0.0268,3.65E-03,1.68E-02,-0.044852,-0.00873
RAB21,-0.026836,3.61E-03,1.66E-02,-0.044888,-0.008766
DCAF5,-0.026842,3.60E-03,1.66E-02,-0.044894,-0.008772
SHC1,-0.026886,3.55E-03,1.64E-02,-0.044938,-0.008817
PANK3,-0.026893,3.54E-03,1.64E-02,-0.044945,-0.008823
C15orf48,-0.026904,3.52E-03,1.64E-02,-0.044956,-0.008835
PPP6R3,-0.026962,3.45E-03,1.61E-02,-0.045014,-0.008893
MTF1,-0.026986,3.42E-03,1.60E-02,-0.045038,-0.008917
BIRC2,-0.027052,3.35E-03,1.56E-02,-0.045104,-0.008982
MAP3K11,-0.027056,3.34E-03,1.56E-02,-0.045108,-0.008987
CHMP4B,-0.027108,3.28E-03,1.54E-02,-0.04516,-0.009038
SIK3,-0.027113,3.28E-03,1.54E-02,-0.045165,-0.009043
NXF1,-0.027161,3.22E-03,1.52E-02,-0.045213,-0.009091
UBXN2B,-0.027183,3.20E-03,1.51E-02,-0.045235,-0.009113
C21orf91,-0.02719,3.19E-03,1.51E-02,-0.045242,-0.009121
PPP2R5A,-0.0272,3.18E-03,1.50E-02,-0.045252,-0.009131
NFIA,-0.027249,3.12E-03,1.48E-02,-0.045301,-0.00918
MX2,-0.02729,3.08E-03,1.46E-02,-0.045342,-0.009221
PPP1R9B,-0.027355,3.01E-03,1.43E-02,-0.045407,-0.009286
MAML3,-0.027358,3.01E-03,1.43E-02,-0.04541,-0.009289
PTAFR,-0.027367,3.00E-03,1.43E-02,-0.045418,-0.009297
VCL,-0.02745,2.91E-03,1.39E-02,-0.045501,-0.009381
MOB3A,-0.027484,2.87E-03,1.38E-02,-0.045535,-0.009415
LILRA3,-0.027503,2.86E-03,1.37E-02,-0.045554,-0.009433
MKI67,-0.027523,2.83E-03,1.36E-02,-0.045575,-0.009454
IL17RA,-0.027576,2.78E-03,1.34E-02,-0.045627,-0.009507
ELL,-0.027606,2.75E-03,1.33E-02,-0.045658,-0.009537
SLC1A3,-0.027634,2.73E-03,1.32E-02,-0.045685,-0.009565
CENPF,-0.027664,2.70E-03,1.31E-02,-0.045715,-0.009595
MFGE8,-0.027762,2.60E-03,1.27E-02,-0.045813,-0.009693
KIAA0232,-0.027802,2.57E-03,1.25E-02,-0.045853,-0.009733
WTAP,-0.027847,2.53E-03,1.23E-02,-0.045898,-0.009778
PRF1,-0.027849,2.52E-03,1.23E-02,-0.0459,-0.00978
ARIH1,-0.027853,2.52E-03,1.23E-02,-0.045904,-0.009784
RAB8B,-0.027859,2.51E-03,1.23E-02,-0.04591,-0.00979
SLC38A10,-0.027865,2.51E-03,1.23E-02,-0.045916,-0.009796
PIM1,-0.02791,2.47E-03,1.22E-02,-0.04596,-0.009841
RNF146,-0.027926,2.46E-03,1.21E-02,-0.045976,-0.009857
CD300E,-0.027964,2.42E-03,1.20E-02,-0.046014,-0.009895
ERN1,-0.027987,2.40E-03,1.19E-02,-0.046037,-0.009918
FCGR1A,-0.028021,2.37E-03,1.18E-02,-0.046072,-0.009952
RNF24,-0.02803,2.37E-03,1.18E-02,-0.046081,-0.009961
IL1RAP,-0.028043,2.35E-03,1.17E-02,-0.046094,-0.009974
HDAC4,-0.028053,2.35E-03,1.17E-02,-0.046104,-0.009984
ANKRD13D,-0.028105,2.30E-03,1.15E-02,-0.046156,-0.010037
SNTB1,-0.02811,2.30E-03,1.15E-02,-0.046161,-0.010041
RP11-640M9.1,-0.02812,2.29E-03,1.15E-02,-0.046171,-0.010052
TRPS1,-0.028123,2.29E-03,1.15E-02,-0.046174,-0.010055
MAP2K6,-0.02815,2.27E-03,1.14E-02,-0.0462,-0.010081
MAN1A1,-0.028191,2.23E-03,1.13E-02,-0.046241,-0.010122
TMEM127,-0.028201,2.22E-03,1.13E-02,-0.046252,-0.010133
IPCEF1,-0.028247,2.19E-03,1.11E-02,-0.046298,-0.010179
CHPT1,-0.028249,2.19E-03,1.11E-02,-0.046299,-0.01018
TIA1,-0.028252,2.18E-03,1.11E-02,-0.046302,-0.010183
MAPK6,-0.028256,2.18E-03,1.11E-02,-0.046306,-0.010187
SOS2,-0.028314,2.13E-03,1.09E-02,-0.046364,-0.010245
CAB39,-0.02837,2.09E-03,1.07E-02,-0.04642,-0.010302
LILRA5,-0.028395,2.07E-03,1.06E-02,-0.046445,-0.010327
KBTBD11,-0.028421,2.05E-03,1.06E-02,-0.046472,-0.010353
PLIN2,-0.028431,2.05E-03,1.05E-02,-0.046481,-0.010362
FBXO11,-0.028489,2.00E-03,1.03E-02,-0.046539,-0.01042
PDE4A,-0.028519,1.98E-03,1.03E-02,-0.046569,-0.01045
NFAM1,-0.028536,1.97E-03,1.02E-02,-0.046586,-0.010468
NLRP12,-0.028587,1.93E-03,1.00E-02,-0.046637,-0.010519
ASAP1,-0.028683,1.86E-03,9.71E-03,-0.046733,-0.010615
ARHGEF3,-0.028819,1.77E-03,9.26E-03,-0.046869,-0.010751
CKAP4,-0.028831,1.77E-03,9.23E-03,-0.04688,-0.010762
BCL3,-0.028859,1.75E-03,9.16E-03,-0.046908,-0.010791
GNLY,-0.028975,1.67E-03,8.79E-03,-0.047025,-0.010907
MDM2,-0.029065,1.62E-03,8.52E-03,-0.047114,-0.010997
TOP2A,-0.02913,1.58E-03,8.33E-03,-0.047179,-0.011062
RBM5,-0.029162,1.56E-03,8.25E-03,-0.047211,-0.011094
CCL3L3,-0.029259,1.51E-03,7.97E-03,-0.047308,-0.011191
NACC2,-0.029326,1.47E-03,7.79E-03,-0.047375,-0.011258
STRN3,-0.02935,1.46E-03,7.74E-03,-0.047399,-0.011282
ABTB1,-0.029362,1.45E-03,7.72E-03,-0.047411,-0.011294
RMRP,-0.02955,1.35E-03,7.23E-03,-0.047598,-0.011482
NDRG1,-0.029564,1.34E-03,7.21E-03,-0.047613,-0.011496
DDX60L,-0.029607,1.32E-03,7.11E-03,-0.047656,-0.011539
RBM26,-0.029664,1.29E-03,6.99E-03,-0.047712,-0.011596
EHD1,-0.029672,1.29E-03,6.98E-03,-0.047721,-0.011605
PIKFYVE,-0.029705,1.27E-03,6.91E-03,-0.047753,-0.011637
ADAM17,-0.029718,1.27E-03,6.89E-03,-0.047766,-0.01165
IFITM2,-0.029723,1.27E-03,6.89E-03,-0.047771,-0.011655
C3orf58,-0.029855,1.20E-03,6.57E-03,-0.047903,-0.011787
TUG1,-0.029889,1.19E-03,6.49E-03,-0.047937,-0.011821
PTX3,-0.029924,1.17E-03,6.42E-03,-0.047972,-0.011856
ZSWIM6,-0.02993,1.17E-03,6.42E-03,-0.047978,-0.011862
RCOR1,-0.029986,1.14E-03,6.31E-03,-0.048033,-0.011918
FCAR,-0.030077,1.11E-03,6.11E-03,-0.048125,-0.01201
NAPRT1,-0.030078,1.10E-03,6.11E-03,-0.048126,-0.012011
MYO9B,-0.030088,1.10E-03,6.11E-03,-0.048136,-0.01202
SP3,-0.030105,1.09E-03,6.08E-03,-0.048153,-0.012038
FAR1,-0.030114,1.09E-03,6.07E-03,-0.048162,-0.012047
LPCAT1,-0.030142,1.08E-03,6.02E-03,-0.04819,-0.012075
SNX27,-0.030183,1.06E-03,5.94E-03,-0.048231,-0.012116
PLXNC1,-0.030205,1.05E-03,5.90E-03,-0.048253,-0.012138
C11orf21,-0.030242,1.04E-03,5.83E-03,-0.04829,-0.012175
CCL4L2,-0.03025,1.03E-03,5.83E-03,-0.048297,-0.012182
RGCC,-0.030273,1.03E-03,5.79E-03,-0.048321,-0.012206
UBR2,-0.030337,1.00E-03,5.67E-03,-0.048385,-0.01227
SLC2A6,-0.030371,9.87E-04,5.61E-03,-0.048418,-0.012304
SERPINB10,-0.030521,9.32E-04,5.30E-03,-0.048568,-0.012454
CAMKK2,-0.030609,9.00E-04,5.14E-03,-0.048656,-0.012542
KIAA0430,-0.030642,8.89E-04,5.08E-03,-0.048689,-0.012575
VAMP5,-0.030755,8.51E-04,4.87E-03,-0.048802,-0.012688
NLRC5,-0.030845,8.21E-04,4.72E-03,-0.048891,-0.012778
C1orf228,-0.030955,7.87E-04,4.55E-03,-0.049001,-0.012888
PICALM,-0.030989,7.76E-04,4.49E-03,-0.049036,-0.012923
KIAA1551,-0.030998,7.73E-04,4.49E-03,-0.049045,-0.012931
CD52,-0.031142,7.31E-04,4.25E-03,-0.049188,-0.013075
CMIP,-0.031162,7.25E-04,4.23E-03,-0.049208,-0.013096
CRLS1,-0.031353,6.72E-04,3.95E-03,-0.049399,-0.013287
CRISPLD2,-0.031368,6.68E-04,3.93E-03,-0.049414,-0.013301
CXCL1,-0.031433,6.51E-04,3.84E-03,-0.049479,-0.013367
TESC,-0.031479,6.39E-04,3.78E-03,-0.049525,-0.013413
DNAAF1,-0.031493,6.36E-04,3.76E-03,-0.049539,-0.013427
SEC16A,-0.031508,6.32E-04,3.75E-03,-0.049553,-0.013441
CREB5,-0.031591,6.11E-04,3.64E-03,-0.049637,-0.013525
PELI1,-0.031671,5.92E-04,3.53E-03,-0.049716,-0.013605
NAIP,-0.031685,5.89E-04,3.52E-03,-0.04973,-0.013619
JAZF1,-0.031709,5.83E-04,3.49E-03,-0.049755,-0.013643
JAK2,-0.031755,5.73E-04,3.44E-03,-0.0498,-0.013689
CECR1,-0.03176,5.71E-04,3.44E-03,-0.049805,-0.013694
CLEC5A,-0.031773,5.68E-04,3.43E-03,-0.049818,-0.013707
ADRBK1,-0.031849,5.51E-04,3.34E-03,-0.049895,-0.013783
PDE4D,-0.031888,5.43E-04,3.30E-03,-0.049933,-0.013822
ATG2A,-0.03189,5.42E-04,3.30E-03,-0.049935,-0.013824
EAF1,-0.031897,5.41E-04,3.30E-03,-0.049942,-0.013831
MAP3K1,-0.031945,5.30E-04,3.24E-03,-0.04999,-0.013879
PRTN3,-0.031971,5.25E-04,3.22E-03,-0.050016,-0.013905
GCH1,-0.032051,5.08E-04,3.12E-03,-0.050096,-0.013985
SAP30,-0.032084,5.01E-04,3.09E-03,-0.050129,-0.014018
KLF3,-0.032178,4.83E-04,2.98E-03,-0.050222,-0.014112
AP003733.1,-0.032247,4.69E-04,2.90E-03,-0.050292,-0.014182
E2F3,-0.0323,4.59E-04,2.85E-03,-0.050344,-0.014234
ALOX5AP,-0.032339,4.52E-04,2.81E-03,-0.050383,-0.014273
CCL3L1,-0.0324,4.41E-04,2.75E-03,-0.050445,-0.014335
RP11-701P16.2,-0.032693,3.91E-04,2.45E-03,-0.050737,-0.014628
SERPINB2,-0.032726,3.86E-04,2.42E-03,-0.05077,-0.014661
SLCO3A1,-0.032771,3.78E-04,2.38E-03,-0.050815,-0.014706
TMEM91,-0.032905,3.58E-04,2.26E-03,-0.050949,-0.01484
PTEN,-0.03292,3.56E-04,2.25E-03,-0.050963,-0.014855
ATP1B3,-0.032995,3.45E-04,2.19E-03,-0.051038,-0.01493
NUP214,-0.033062,3.36E-04,2.13E-03,-0.051105,-0.014997
RGS18,-0.033065,3.35E-04,2.13E-03,-0.051109,-0.015
KCNN1,-0.033135,3.26E-04,2.08E-03,-0.051178,-0.01507
PHF21A,-0.03315,3.23E-04,2.07E-03,-0.051193,-0.015085
SOX4,-0.033237,3.12E-04,2.00E-03,-0.05128,-0.015172
RP11-347P5.1,-0.033291,3.05E-04,1.96E-03,-0.051334,-0.015226
SORL1,-0.033306,3.03E-04,1.95E-03,-0.051349,-0.015241
HIST1H1E,-0.033306,3.03E-04,1.95E-03,-0.051349,-0.015241
CDC42EP3,-0.033333,3.00E-04,1.94E-03,-0.051376,-0.015268
MIR4435-1HG,-0.033372,2.95E-04,1.91E-03,-0.051415,-0.015307
DNAJA4,-0.033505,2.79E-04,1.81E-03,-0.051547,-0.01544
PHF20L1,-0.033514,2.78E-04,1.81E-03,-0.051557,-0.01545
SIRPB1,-0.033605,2.67E-04,1.75E-03,-0.051648,-0.015541
HOPX,-0.033685,2.58E-04,1.69E-03,-0.051727,-0.01562
SIAH2,-0.033704,2.56E-04,1.69E-03,-0.051746,-0.015639
PCNX,-0.033708,2.56E-04,1.69E-03,-0.051751,-0.015644
CITED2,-0.033719,2.55E-04,1.68E-03,-0.051761,-0.015655
CCNY,-0.033742,2.52E-04,1.67E-03,-0.051785,-0.015678
PRDM1,-0.033765,2.50E-04,1.66E-03,-0.051807,-0.015701
KIF1B,-0.033785,2.48E-04,1.65E-03,-0.051827,-0.015721
LUCAT1,-0.03386,2.40E-04,1.60E-03,-0.051902,-0.015796
NRGN,-0.033868,2.39E-04,1.60E-03,-0.05191,-0.015803
RBM6,-0.033868,2.39E-04,1.60E-03,-0.051911,-0.015804
NUPL1,-0.033907,2.35E-04,1.58E-03,-0.051949,-0.015843
AGFG1,-0.033943,2.32E-04,1.56E-03,-0.051985,-0.015879
ASGR2,-0.033995,2.26E-04,1.53E-03,-0.052037,-0.015931
ARHGAP24,-0.034016,2.24E-04,1.52E-03,-0.052058,-0.015952
IFNGR2,-0.034165,2.11E-04,1.43E-03,-0.052207,-0.016101
BACH1,-0.034204,2.07E-04,1.41E-03,-0.052246,-0.01614
MS4A3,-0.034408,1.90E-04,1.30E-03,-0.052449,-0.016344
KLRB1,-0.034442,1.87E-04,1.28E-03,-0.052483,-0.016378
SLC16A10,-0.034566,1.77E-04,1.22E-03,-0.052607,-0.016502
ELANE,-0.034695,1.68E-04,1.16E-03,-0.052736,-0.016631
GK,-0.034945,1.50E-04,1.05E-03,-0.052986,-0.016882
GAK,-0.03495,1.50E-04,1.05E-03,-0.05299,-0.016886
RHOQ,-0.034995,1.47E-04,1.03E-03,-0.053035,-0.016931
FPR2,-0.035074,1.42E-04,9.96E-04,-0.053114,-0.017011
AREGB,-0.035151,1.37E-04,9.65E-04,-0.053191,-0.017088
MED13L,-0.035165,1.36E-04,9.62E-04,-0.053205,-0.017102
MAFB,-0.035183,1.35E-04,9.57E-04,-0.053223,-0.01712
TXNIP,-0.035246,1.32E-04,9.34E-04,-0.053286,-0.017183
CES1,-0.0354,1.23E-04,8.77E-04,-0.05344,-0.017338
AMICA1,-0.035485,1.18E-04,8.47E-04,-0.053524,-0.017422
WDR74,-0.035524,1.16E-04,8.35E-04,-0.053563,-0.017461
TMEM170B,-0.035601,1.13E-04,8.09E-04,-0.05364,-0.017538
AGO4,-0.035632,1.11E-04,8.00E-04,-0.053672,-0.01757
FGL2,-0.03576,1.05E-04,7.62E-04,-0.053799,-0.017697
B4GALT5,-0.035806,1.03E-04,7.48E-04,-0.053845,-0.017743
BIRC3,-0.035812,1.02E-04,7.48E-04,-0.053851,-0.017749
ICAM1,-0.035964,9.57E-05,7.03E-04,-0.054003,-0.017901
GCA,-0.036032,9.28E-05,6.84E-04,-0.054071,-0.01797
HIST1H4C,-0.036046,9.22E-05,6.81E-04,-0.054084,-0.017984
HIPK1,-0.036102,9.00E-05,6.66E-04,-0.05414,-0.01804
TPST1,-0.036149,8.81E-05,6.54E-04,-0.054187,-0.018087
CD14,-0.036206,8.58E-05,6.39E-04,-0.054245,-0.018144
APOBEC3A,-0.036428,7.76E-05,5.82E-04,-0.054466,-0.018366
SGMS2,-0.036517,7.45E-05,5.60E-04,-0.054555,-0.018455
C20orf24,-0.036553,7.33E-05,5.53E-04,-0.054591,-0.018491
WDR26,-0.036607,7.16E-05,5.41E-04,-0.054644,-0.018545
CCDC88B,-0.036673,6.94E-05,5.28E-04,-0.054711,-0.018612
NAMPTL,-0.036889,6.29E-05,4.81E-04,-0.054926,-0.018827
DPYD,-0.03701,5.95E-05,4.56E-04,-0.055047,-0.018948
CTSG,-0.037051,5.84E-05,4.49E-04,-0.055088,-0.01899
CARS2,-0.037209,5.43E-05,4.19E-04,-0.055246,-0.019148
OGT,-0.037337,5.11E-05,3.96E-04,-0.055373,-0.019276
PUM2,-0.037389,4.99E-05,3.87E-04,-0.055425,-0.019328
MAPK14,-0.037538,4.66E-05,3.65E-04,-0.055574,-0.019477
CST7,-0.037637,4.45E-05,3.49E-04,-0.055673,-0.019577
IL1RN,-0.037765,4.19E-05,3.31E-04,-0.055801,-0.019704
TLE4,-0.037793,4.14E-05,3.28E-04,-0.055828,-0.019732
IL6ST,-0.038085,3.60E-05,2.86E-04,-0.05612,-0.020025
UBALD2,-0.038098,3.58E-05,2.85E-04,-0.056133,-0.020038
MPO,-0.038141,3.51E-05,2.81E-04,-0.056176,-0.020081
PHLDA1,-0.038241,3.35E-05,2.68E-04,-0.056276,-0.020181
MIR22HG,-0.038421,3.07E-05,2.48E-04,-0.056456,-0.020362
TRIB1,-0.038442,3.04E-05,2.46E-04,-0.056477,-0.020382
PADI4,-0.038527,2.92E-05,2.37E-04,-0.056562,-0.020468
TNKS2,-0.03858,2.85E-05,2.32E-04,-0.056615,-0.020521
PLBD1,-0.038729,2.65E-05,2.17E-04,-0.056763,-0.020669
SECISBP2,-0.038992,2.34E-05,1.92E-04,-0.057026,-0.020933
CCL4,-0.039001,2.33E-05,1.92E-04,-0.057035,-0.020942
TNFAIP6,-0.039027,2.30E-05,1.90E-04,-0.057061,-0.020968
RICTOR,-0.039112,2.21E-05,1.83E-04,-0.057145,-0.021053
SSH2,-0.039156,2.16E-05,1.80E-04,-0.057189,-0.021097
PAG1,-0.039239,2.07E-05,1.73E-04,-0.057272,-0.02118
CD36,-0.039375,1.94E-05,1.63E-04,-0.057408,-0.021316
GAS7,-0.03961,1.73E-05,1.46E-04,-0.057643,-0.021552
TREM1,-0.039617,1.72E-05,1.46E-04,-0.057649,-0.021558
KLHL8,-0.039687,1.67E-05,1.42E-04,-0.05772,-0.021629
BASP1,-0.039717,1.64E-05,1.40E-04,-0.05775,-0.021659
FBXL5,-0.039759,1.61E-05,1.38E-04,-0.057791,-0.0217
SPATA13,-0.039766,1.60E-05,1.38E-04,-0.057798,-0.021707
VPS37B,-0.04,1.43E-05,1.23E-04,-0.058032,-0.021942
FOXO3,-0.04013,1.34E-05,1.16E-04,-0.058162,-0.022072
GPCPD1,-0.040209,1.29E-05,1.12E-04,-0.058241,-0.022152
RGS1,-0.040269,1.25E-05,1.09E-04,-0.0583,-0.022211
GRASP,-0.040327,1.21E-05,1.06E-04,-0.058358,-0.022269
INSIG1,-0.040366,1.19E-05,1.04E-04,-0.058397,-0.022308
RAB20,-0.040373,1.19E-05,1.04E-04,-0.058404,-0.022315
TIMP1,-0.040513,1.11E-05,9.77E-05,-0.058544,-0.022455
TLR2,-0.040627,1.05E-05,9.26E-05,-0.058658,-0.022569
ATP2B1,-0.04081,9.53E-06,8.47E-05,-0.058841,-0.022753
CEBPD,-0.04088,9.21E-06,8.23E-05,-0.05891,-0.022823
PHC2,-0.04102,8.58E-06,7.70E-05,-0.05905,-0.022963
CD93,-0.041047,8.46E-06,7.62E-05,-0.059077,-0.02299
TWISTNB,-0.041195,7.85E-06,7.09E-05,-0.059225,-0.023138
MS4A7,-0.041219,7.75E-06,7.03E-05,-0.059249,-0.023162
KCNE1,-0.041272,7.55E-06,6.87E-05,-0.059302,-0.023216
ATP13A3,-0.041302,7.43E-06,6.79E-05,-0.059331,-0.023245
CLEC12A,-0.041329,7.33E-06,6.72E-05,-0.059359,-0.023273
LBR,-0.041448,6.90E-06,6.34E-05,-0.059478,-0.023392
UBC,-0.041542,6.58E-06,6.07E-05,-0.059571,-0.023486
RP11-290F20.3,-0.041551,6.55E-06,6.06E-05,-0.05958,-0.023495
THAP2,-0.041584,6.44E-06,5.98E-05,-0.059613,-0.023527
KCNE3,-0.041592,6.41E-06,5.98E-05,-0.059621,-0.023536
RAB27A,-0.041758,5.89E-06,5.51E-05,-0.059786,-0.023702
TNFRSF1B,-0.041885,5.51E-06,5.20E-05,-0.059914,-0.023829
METRNL,-0.041896,5.48E-06,5.19E-05,-0.059925,-0.02384
ARL5B,-0.042171,4.75E-06,4.51E-05,-0.060199,-0.024116
MSL3,-0.042325,4.39E-06,4.18E-05,-0.060352,-0.024269
7SK-2,-0.042326,4.39E-06,4.18E-05,-0.060354,-0.024271
C16orf72,-0.042342,4.35E-06,4.18E-05,-0.06037,-0.024287
PRSS57,-0.04251,3.99E-06,3.84E-05,-0.060537,-0.024454
PRKAG2,-0.042802,3.42E-06,3.32E-05,-0.060829,-0.024748
NFIL3,-0.043118,2.89E-06,2.82E-05,-0.061144,-0.025064
PTPRCAP,-0.043462,2.41E-06,2.37E-05,-0.061488,-0.025408
AGTRAP,-0.043545,2.31E-06,2.28E-05,-0.06157,-0.025491
MIR142,-0.043558,2.29E-06,2.28E-05,-0.061584,-0.025504
IGLL1,-0.043652,2.18E-06,2.18E-05,-0.061678,-0.025599
RNF149,-0.043794,2.02E-06,2.03E-05,-0.061819,-0.02574
ZBTB16,-0.043795,2.02E-06,2.03E-05,-0.06182,-0.025742
SGK1,-0.043836,1.97E-06,2.00E-05,-0.061861,-0.025783
CREM,-0.043872,1.94E-06,1.97E-05,-0.061896,-0.025818
TIPARP,-0.043904,1.90E-06,1.95E-05,-0.061929,-0.025851
MPEG1,-0.043907,1.90E-06,1.95E-05,-0.061931,-0.025853
AZU1,-0.043954,1.85E-06,1.91E-05,-0.061978,-0.0259
CPEB4,-0.044317,1.52E-06,1.58E-05,-0.062341,-0.026265
C9orf72,-0.044371,1.48E-06,1.54E-05,-0.062395,-0.026318
BAG3,-0.04447,1.40E-06,1.47E-05,-0.062494,-0.026417
HECA,-0.044537,1.35E-06,1.42E-05,-0.062561,-0.026485
FAM101B,-0.044619,1.29E-06,1.36E-05,-0.062642,-0.026566
ITGAM,-0.045001,1.05E-06,1.11E-05,-0.063023,-0.026949
RXRA,-0.045167,9.55E-07,1.02E-05,-0.063189,-0.027115
FGD4,-0.045439,8.21E-07,8.81E-06,-0.06346,-0.027387
RP11-620J15.3,-0.045479,8.03E-07,8.66E-06,-0.0635,-0.027427
CFD,-0.045662,7.25E-07,7.85E-06,-0.063683,-0.027611
C19orf77,-0.04584,6.56E-07,7.13E-06,-0.063861,-0.027789
HSPA6,-0.045863,6.48E-07,7.07E-06,-0.063884,-0.027812
KLF2,-0.046388,4.82E-07,5.28E-06,-0.064408,-0.028338
NAF1,-0.046632,4.19E-07,4.61E-06,-0.064651,-0.028582
RETN,-0.046715,4.00E-07,4.42E-06,-0.064735,-0.028666
IL10,-0.046944,3.51E-07,3.91E-06,-0.064963,-0.028895
MGST1,-0.047177,3.07E-07,3.43E-06,-0.065195,-0.029128
RP11-701P16.5,-0.047522,2.51E-07,2.83E-06,-0.06554,-0.029473
GPR183,-0.047539,2.49E-07,2.81E-06,-0.065557,-0.029491
TNFAIP2,-0.047679,2.29E-07,2.60E-06,-0.065696,-0.029631
DUSP6,-0.047806,2.13E-07,2.43E-06,-0.065823,-0.029758
HNRNPH1,-0.047807,2.13E-07,2.43E-06,-0.065825,-0.029759
ABHD5,-0.048182,1.71E-07,1.96E-06,-0.066198,-0.030134
PRAM1,-0.048355,1.54E-07,1.78E-06,-0.06637,-0.030307
EMB,-0.048551,1.38E-07,1.59E-06,-0.066567,-0.030504
SELL,-0.048732,1.24E-07,1.44E-06,-0.066747,-0.030685
ADM,-0.048769,1.21E-07,1.41E-06,-0.066784,-0.030722
C19orf59,-0.04904,1.03E-07,1.22E-06,-0.067054,-0.030993
ZFP36L1,-0.049306,8.77E-08,1.04E-06,-0.06732,-0.03126
CTB-61M7.2,-0.049563,7.51E-08,8.98E-07,-0.067577,-0.031517
PFKFB3,-0.049563,7.51E-08,8.98E-07,-0.067577,-0.031518
ZNF281,-0.050173,5.19E-08,6.26E-07,-0.068185,-0.032128
PPIF,-0.050285,4.84E-08,5.87E-07,-0.068297,-0.03224
NFKB1,-0.050459,4.35E-08,5.30E-07,-0.06847,-0.032415
CCL3,-0.050531,4.16E-08,5.09E-07,-0.068542,-0.032487
AQP9,-0.050616,3.95E-08,4.86E-07,-0.068628,-0.032572
MYO1G,-0.050731,3.68E-08,4.55E-07,-0.068742,-0.032687
SLC36A4,-0.050762,3.61E-08,4.48E-07,-0.068773,-0.032718
SERPINB9,-0.050942,3.23E-08,4.03E-07,-0.068952,-0.032898
HERPUD1,-0.051021,3.08E-08,3.85E-07,-0.069031,-0.032978
CDA,-0.051453,2.35E-08,2.96E-07,-0.069462,-0.03341
EGR1,-0.051797,1.90E-08,2.40E-07,-0.069805,-0.033754
USP15,-0.051923,1.75E-08,2.22E-07,-0.069931,-0.033881
PTGS2,-0.05231,1.37E-08,1.75E-07,-0.070318,-0.034269
ETV3,-0.052393,1.30E-08,1.67E-07,-0.070401,-0.034352
SMCHD1,-0.052608,1.13E-08,1.47E-07,-0.070614,-0.034567
CYBB,-0.052639,1.11E-08,1.45E-07,-0.070645,-0.034598
PRMT10,-0.052762,1.03E-08,1.35E-07,-0.070768,-0.034721
QPCT,-0.052773,1.02E-08,1.35E-07,-0.070779,-0.034732
ARHGEF40,-0.052805,9.99E-09,1.33E-07,-0.070811,-0.034764
SKIL,-0.052826,9.85E-09,1.32E-07,-0.070833,-0.034786
GABARAPL1,-0.05289,9.46E-09,1.27E-07,-0.070896,-0.034849
RNASE2,-0.053367,6.95E-09,9.37E-08,-0.071372,-0.035327
MAP3K2,-0.053428,6.68E-09,9.06E-08,-0.071433,-0.035388
SLC43A2,-0.053493,6.41E-09,8.73E-08,-0.071497,-0.035453
PNPLA8,-0.053612,5.93E-09,8.12E-08,-0.071616,-0.035572
CEBPB,-0.053797,5.26E-09,7.24E-08,-0.071801,-0.035758
ASGR1,-0.054054,4.44E-09,6.18E-08,-0.072058,-0.036015
RBP7,-0.05454,3.23E-09,4.51E-08,-0.072543,-0.036502
RBFOX3,-0.055663,1.52E-09,2.16E-08,-0.073663,-0.037627
THBD,-0.055746,1.44E-09,2.05E-08,-0.073745,-0.03771
ATF3,-0.055753,1.43E-09,2.05E-08,-0.073752,-0.037717
CD163,-0.056116,1.12E-09,1.61E-08,-0.074115,-0.038081
METTL9,-0.05695,6.34E-10,9.26E-09,-0.074947,-0.038916
ZC3H12A,-0.057027,6.01E-10,8.83E-09,-0.075023,-0.038993
STXBP2,-0.057093,5.74E-10,8.49E-09,-0.07509,-0.039059
CCL20,-0.057537,4.22E-10,6.27E-09,-0.075532,-0.039504
RASGEF1B,-0.057699,3.77E-10,5.69E-09,-0.075694,-0.039667
DUSP2,-0.058053,2.94E-10,4.50E-09,-0.076047,-0.040021
IER5,-0.058095,2.86E-10,4.39E-09,-0.076089,-0.040064
FAM65B,-0.058188,2.68E-10,4.14E-09,-0.076182,-0.040157
ELL2,-0.059004,1.50E-10,2.35E-09,-0.076996,-0.040973
MEGF9,-0.059241,1.27E-10,2.00E-09,-0.077232,-0.041211
IL1R2,-0.059363,1.16E-10,1.85E-09,-0.077354,-0.041334
LINC00936,-0.060541,4.95E-11,7.98E-10,-0.078529,-0.042514
TGIF1,-0.060672,4.50E-11,7.30E-10,-0.07866,-0.042645
RHOB,-0.060962,3.63E-11,5.94E-10,-0.078949,-0.042935
RNF144B,-0.061063,3.37E-11,5.54E-10,-0.07905,-0.043036
CSGALNACT2,-0.061182,3.09E-11,5.11E-10,-0.079168,-0.043155
OSM,-0.06122,3.00E-11,5.00E-10,-0.079207,-0.043194
BTG2,-0.061282,2.87E-11,4.81E-10,-0.079268,-0.043256
PDE4B,-0.061502,2.44E-11,4.11E-10,-0.079488,-0.043476
FPR1,-0.061539,2.37E-11,4.02E-10,-0.079524,-0.043513
LRRK2,-0.061631,2.21E-11,3.78E-10,-0.079616,-0.043606
KDM6B,-0.062757,9.52E-12,1.65E-10,-0.080739,-0.044734
VEGFA,-0.062817,9.09E-12,1.58E-10,-0.080799,-0.044794
CDKN1A,-0.062856,8.83E-12,1.55E-10,-0.080838,-0.044833
CXCL3,-0.062984,8.01E-12,1.41E-10,-0.080965,-0.044961
DNAJB1,-0.063116,7.24E-12,1.29E-10,-0.081098,-0.045094
PLAC8,-0.06318,6.90E-12,1.23E-10,-0.081162,-0.045158
DDIT4,-0.063536,5.25E-12,9.46E-11,-0.081517,-0.045515
JMJD1C,-0.064399,2.70E-12,5.00E-11,-0.082377,-0.046379
ID2,-0.065058,1.62E-12,3.01E-11,-0.083034,-0.047039
PNRC1,-0.065083,1.58E-12,2.98E-11,-0.083059,-0.047065
NLRP3,-0.065091,1.57E-12,2.98E-11,-0.083068,-0.047073
MIR24-2,-0.065245,1.39E-12,2.66E-11,-0.083221,-0.047227
SLC11A1,-0.065497,1.14E-12,2.20E-11,-0.083472,-0.047479
SERPINA1,-0.06562,1.04E-12,2.01E-11,-0.083595,-0.047603
IFRD1,-0.066159,6.76E-13,1.33E-11,-0.084133,-0.048143
OLR1,-0.066409,5.54E-13,1.10E-11,-0.084381,-0.048393
G0S2,-0.066461,5.32E-13,1.06E-11,-0.084433,-0.048445
KLF4,-0.067133,3.10E-13,6.22E-12,-0.085103,-0.049118
C5AR1,-0.067376,2.54E-13,5.14E-12,-0.085346,-0.049362
MAP3K8,-0.067753,1.87E-13,3.82E-12,-0.085722,-0.04974
HBEGF,-0.068166,1.33E-13,2.74E-12,-0.086134,-0.050154
CSF3R,-0.068344,1.15E-13,2.39E-12,-0.086312,-0.050333
FOSL2,-0.068724,8.43E-14,1.76E-12,-0.08669,-0.050713
ZEB2,-0.069045,6.46E-14,1.36E-12,-0.08701,-0.051035
AREG,-0.069074,6.30E-14,1.34E-12,-0.087039,-0.051064
ACSL1,-0.069626,3.98E-14,8.50E-13,-0.08759,-0.051617
ZFAND5,-0.069854,3.28E-14,7.08E-13,-0.087817,-0.051846
SLC25A37,-0.070539,1.84E-14,4.00E-13,-0.0885,-0.052532
HSPH1,-0.070561,1.81E-14,3.96E-13,-0.088522,-0.052554
IRAK3,-0.070859,1.40E-14,3.10E-13,-0.088819,-0.052853
IVNS1ABP,-0.071779,6.37E-15,1.43E-13,-0.089736,-0.053774
SOCS3,-0.07214,4.66E-15,1.06E-13,-0.090097,-0.054137
CD83,-0.072147,4.63E-15,1.06E-13,-0.090104,-0.054144
ZNF331,-0.073582,1.32E-15,3.12E-14,-0.091534,-0.055582
UPP1,-0.07398,9.26E-16,2.21E-14,-0.091931,-0.055981
FKBP5,-0.074362,6.58E-16,1.59E-14,-0.092312,-0.056364
TSC22D3,-0.075006,3.70E-16,9.08E-15,-0.092954,-0.057009
MXD1,-0.075129,3.31E-16,8.20E-15,-0.093077,-0.057133
NR4A3,-0.075833,1.75E-16,4.37E-15,-0.093779,-0.057839
ARL4A,-0.076325,1.11E-16,2.81E-15,-0.094269,-0.058332
JUN,-0.076613,8.55E-17,2.18E-15,-0.094556,-0.05862
CHMP1B,-0.077212,4.91E-17,1.27E-15,-0.095153,-0.05922
KLF6,-0.077237,4.80E-17,1.25E-15,-0.095178,-0.059245
CXCL2,-0.078788,1.12E-17,2.95E-16,-0.096724,-0.0608
HSPA1A,-0.079015,9.05E-18,2.40E-16,-0.09695,-0.061028
BCL2A1,-0.079453,5.96E-18,1.62E-16,-0.097387,-0.061467
EREG,-0.080232,2.82E-18,7.78E-17,-0.098164,-0.062249
NFKBIZ,-0.080772,1.68E-18,4.74E-17,-0.098701,-0.062789
HSPA1B,-0.080864,1.53E-18,4.38E-17,-0.098794,-0.062882
IER2,-0.081242,1.06E-18,3.07E-17,-0.099171,-0.063261
IRS2,-0.082079,4.67E-19,1.38E-17,-0.100005,-0.064101
GADD45B,-0.082652,2.65E-19,8.01E-18,-0.100575,-0.064674
IL8,-0.082754,2.39E-19,7.32E-18,-0.100678,-0.064777
CFP,-0.083198,1.54E-19,4.76E-18,-0.10112,-0.065222
JUND,-0.083694,9.35E-20,2.96E-18,-0.101615,-0.06572
NR4A1,-0.084387,4.65E-20,1.49E-18,-0.102305,-0.066415
IL1B,-0.084668,3.49E-20,1.13E-18,-0.102585,-0.066697
TNFAIP3,-0.084842,2.93E-20,9.63E-19,-0.102758,-0.06687
SLC2A3,-0.088778,4.84E-22,1.68E-20,-0.10668,-0.070817
SAMSN1,-0.090434,8.15E-23,2.86E-21,-0.108331,-0.072478
PPP1R15A,-0.091008,4.36E-23,1.55E-21,-0.108903,-0.073054
PLAUR,-0.091326,3.08E-23,1.11E-21,-0.10922,-0.073374
IER3,-0.091631,2.20E-23,8.05E-22,-0.109523,-0.073679
THBS1,-0.091774,1.88E-23,6.97E-22,-0.109666,-0.073823
CD55,-0.092062,1.37E-23,5.14E-22,-0.109953,-0.074111
MNDA,-0.093207,3.83E-24,1.46E-22,-0.111094,-0.07526
S100A12,-0.093417,3.03E-24,1.17E-22,-0.111303,-0.075471
CXCR4,-0.09652,8.80E-26,3.45E-24,-0.114394,-0.078583
VCAN,-0.098385,9.91E-27,3.95E-25,-0.116252,-0.080454
NR4A2,-0.106699,3.52E-31,1.47E-29,-0.124533,-0.088796
NAMPT,-0.107597,1.11E-31,4.69E-30,-0.125427,-0.089698
NFKBIA,-0.108852,2.16E-32,9.47E-31,-0.126676,-0.090957
ZFP36,-0.109759,6.55E-33,2.97E-31,-0.12758,-0.091868
HMGB2,-0.113843,2.69E-35,1.26E-33,-0.131646,-0.095966
MCL1,-0.113873,2.58E-35,1.23E-33,-0.131676,-0.095997
FCN1,-0.118704,2.97E-38,1.47E-36,-0.136485,-0.100846
RGS2,-0.125554,1.23E-42,6.74E-41,-0.143303,-0.107725
JUNB,-0.126512,2.86E-43,1.60E-41,-0.144257,-0.108687
FOSB,-0.128803,8.38E-45,5.01E-43,-0.146535,-0.110987
DUSP1,-0.141018,1.82E-53,1.17E-51,-0.158688,-0.123259
FOS,-0.169536,6.53E-77,5.92E-75,-0.187037,-0.151927
NEAT1,-0.178822,1.54E-85,1.55E-83,-0.196261,-0.161269
